CDSSYS,CDS_PART_CAT_P,,EN
PART_NBR
0199-4086
0215-4028
0215-4029
0215-4031
117417-1
1655-1005
1655-1007
1655-1008
1655-1009
1655-1010
1655-1011
1655-1015
1655-1017
1655-1018
1655-1019
1655-1037
1655-1066
1655-1100
1656-1029
1656-1055
1657-1020
1666-9000
1666-9001
1666F4014
1667F4009
1685-4026
1685-4031
1685-4035
1685-4036A
1685-4041
1685-4042
1685-4043
17123-10
17123-29A
1727-3001
1727-3002
1727-3004
1727-3005
1727-4001
1727-4002
1727-4004
1727-4005
1727-4006
1775-3004
1775-3005
1775-3011
1775-3012
1775-3013
1775-3014
1775-4004
1775-4006
1775-4014
1775-4015
1775-4020
1775-4041
1775-4042
1775-4043
1775-4044
1775-4046A
1775-9011
1776-4024
1776-4025
1776-9002
1776-9003
1776-9005
1776-9006
1776-9007
1776F4017
1778-3000
1778-4000
1837-708-16
1875-3001
1875-4003
1875-4012
1875-4013
1970-3009
1970-3029
1970-4007
1970-4033
1970-4034
1970-4036
1970-4037
1970-4038
1970-4049
1970-4059
1970-4062
1970-4063
1970-4069
1970-4074
1970-4078
1970-4083
1970-9026
2006-4006
2006-4007
2006-4008
2006-4012
2006S4011
20-262-3134-01
20-281-2058-01
20-281-2060-01
20-282-5110-01
20-293-501-10
20-293-502-16
3052624-01
30-733-3117-01
30-781-1180-99
30-781-209-99
7090928F
7230962
7231084
7231087
7231289
7310096
7310153
731H039-900L
731H048-900L
731H056-75L
731H056-900L
734H039-900L
742A039-900L
742A048-900L
742A056-900L
742A072-120L
748B072-055L
7630390A
77084025
77084066
77118088
77119788
77135239
77135247
77135368
77135657
77136473
77136552
77136556
77136722
77136848
77136849
77136951
77136963
77136966
77136967
77136997
77136998
77137004
77137008
77137046
77137067
77137115
77137116
77137124
77137127
77137143
77137165
77137212
77137564
77137582
77137584
77137587
77137589
77137622
77137773
77137947
77138203
77138204
77138246
77138251
77138252
77138253
77138644
77138823
77138839
77139012
77139017
77139037
77139041
77139042
77139101
77139107
77139392
77139481
77139482
77139496
77139649
77139655
77139673
77139686
77139687
77139699
77141056
77143817
77144855
77144881
77144888
77144950
77146391
77146399
77146400
77146403
77146404
77146414
77150625
77150634
77150644
77150650
77150660
77151057
77151122
77151123
77151154
77151160
77151175
77151176
77151177
77151178
77151179
77151183
77151184
77151185
77151573
77151581
77151730
77151951
77151952
77151953
77151986
77152146
77152147
77152148
77152253
77152255
77152261
77152266
77152373
77152379
77152382
77152390
77152399
77152429
77152491
77152492
77152788
77152958
77153071A
77153077
77153081
77153098
77153100
77153101
77153102
77153112
77153133
77153142
77153144
77153145
77153149
77153157
77153171
77153189
77153241
77153246
77153559
77153566
77153570
77153612
77153625
77153677
77153679
77153747
77153758
77153769
77153774
77153788
77153793
77153794
77153803
77153805
77153806
77153811
77153814
77153821
77153823
77153831
77153848
77153850
77153857
77153858
77153861
77153869
77153992
77153997
77154042
77154044
77154045
77154046
77154047
77154095
77154099
77154102
77154104
77154106
77154294
77154361
77154362
77154398
77154403
77154404
77154409
77154481
77154482
77154496
77154498
77154554
77154555
77154556
77154633
77154647
77154652
77154694
77154757
77154759
77154762
77154766
77154767
77154770
77154771
77154774
77154775
77154776
77154778
77154797
77154799
77154823
77154825
77154830
77154831
77154832
77154836
77154837
77154939
77154965
77154966
77154977
77155001
77155025
77155028
77155029
77155058
77155073
77155076
77155104
77155133
77155227
77155228
77155270
77155275
77155276
77155292
77155298
77155303
77155311
77155327
77155329
77155331
77155332
77155363
77155394
77155403
77155495
77155503
77155511
77155513
77155520
77155521
77155528
77155559
77155586
77155587
77155588
77155600
77155603
77155615
77155616
77155618
77155619
77155620
77155621
77155629
77155630
77155631
77155636-01
77155705
77155706
77155774
77155837
77155838
77155839
77155850
77155851
77155854
77155859
77155870
77155918
77155931
77155955
77155965
77155969
77155979
77155998
77156008
77156013
77156029
77156091
77156097
77156098
77156101
77156102
77156103
77156119
77156125
77156126
77156127
77156167
77156169
77156180
77156191
77156217
77156219
77156234
77156250
77156262
77156274
77156275
77156277
77156281
77156282
77156283
77156302
77156311
77156328
77156329
77156342
77156347
77156350
77156425
77156426
77156427
77156428
77156429
77156430
77156431
77156432
77156433
77156434
77156435
77156436
77156437
77156438
77156439
77156440
77156441
77156442
77156444
77156445
77156450
77156451
77156466
77156467
77156468
77156469
77156470
77156476
77156477
77156481
77156491
77156503
77156507
77156512
77156522
77156549
77156550
77156555
77156556
77156567
77156569
77156571
77156572
77156573
77156582
77156588-1
77156595
77156599
77156600
77156601
77156632
77156639
77156640
77156641
77156642
77156676
77156677
77156679
77156680
77156728
77156731
77156749
77156844
77156848
77156849
77156877
77156878
77156879
77156880
77156881
77156885
77156892
77156893
77156895
77156900
77156910
77156915-01
77156917
77156939
77156961
77156966
77156967
77156968
77156969
77156970
77156971
77156972
77156973
77156974
77156975
77156976
77156977
77156980
77156981
77156982
77156983
77156984
77156985
77156986
77156992
77157030
77157031-01
77157032-01
77157033-01
77157034
77157035
77157036
77157037
77157038
77157039
77157040
77157042
77157044
77157046
77157047
77157076
77157083
77157086
77157090
77157140
77157145
77157146
77157147
77157154
77157155
77157156
77157172
77157204
77157214
77157215
77157228
77157237
77157240
77157249
77157263
77157276
77157279
77157280
77157281
77157292
77157299
77157300
77157302-01
77157355
77157361
77157377
77157436
77157455
77157491
77157509
77157510
77157511
77157516
77157517
77157555
77157557
77157558
77157559
77157566
77157575
77157581
77157583
77157584
77157610
77157611
77157612
77157613
77157634
77157644
77157645
77157647
77157648
77157650
77157651
77157668
77157671-01
77157682
77157685
77157686
77157687
77157694
77157695
77157706
77157713
77157714
77157715
77157724
77157728
77157731
77157732
77157745
77157753
77157754
77157811
77157818
77157920-03
77157938
77157939
77157958
77157959
77157960
77157984
77158032-903
77158032-904
77158032-905
77158032-906
77158032-907
77158032-908
77158033-008
77158033-013
77158033-014
77158033-023
77158033-033
77158033-106
77158033-116
77158033-118
77158033-122
77158033-123
77158033-126
77158033-136
77158033-148
77158035
77158036
77158038
77158051
77158063
77158081
77158082
77158089
77158110
77158114
77158115
77158125
77158135
77158184
77158191
77158192
77158193
77158202
77158205
77158206
77158207
77158218
77158291
77158292
77158293
77158295-01
77158453
77158547
77158555
77158556
77158561
77158562
77158673
77158686
77158687
77158696
77158703
77158713
77158720
77158721
77158725
77158957
77158992
77158993
77159030
77159122
77202921
77209135
77231609
77233305
77234652
77246678
77249332
77630893
77730141
77733377
77733378
77733380
77733539
77733548
77734370
77735421
77735632
77735641
77738038
77738364
77738749
77738788
77740695
77744086
77744086-88
77744087
77744089
77744091
77744145
77744159
77744174
77744803
77744876
77745426
77745429
77745430
77745431
77745520
77745559
77745559-68
77745560
77745561
77745562
77745563
77745564
77745565
77745566
77745568
77746324
77747343
77749821
77749822
77760503
77760742
77760829
77761143
77762445
77762532
77764180
77764261
77765383
77765395
77765604
77765730
77765777
77765778
77765779
77765780
77765781
77765902
77765982
77765984
77766322
77766328
77766328/A
77766408
77766409
77766417
77766457
77766689
77766732
77766736
77766990
77766991
77768496
77768659
77768660
77768796
77769192
77769208
77769216
77769217
77769219
77769238
77769249
77769310
77769310/A
77769505
77769639
77769639/B
77769757-01
77769757-01/C
77769757-01/D
77769757-01/E
77769816
77800008
77800037
77800063
77800064
77800065
77800066
77800078
77800116
77800129
77800148
77800155
77800158
77800162
77800167
77800212
77800217
77800218
77800262
77800312
77800431
77800461
77800462
77800485
77800493
77800524
77800525
77800526
77800527
77800528
77800529
77800530
77800587
77800588
77800589
77800590
77800591
77800596
77800598
77800620
77800644
77800818
77800820
77801173
77801175
77801211
77801382
77801383
77801463
77801464
77801468
77801483
77801521
77801523
77801538
77801539
77804116
77804127
77804132
77804135
77804142
77804144
77804145
77804146
77804148
77804149
77804216
77804240
77804245
77804256
77804270
77804700
77804701
77804702
77804704
77804706
77804708
77804715
77804717
77805210
77805225
77805238
77805248
77805262
77805266
77850509
77850636
77850637
77850664
77850665
77850708
77850716
77850720
77850721
77850801
77852803
77855629
77855817
77855818
77855820
77855821
77855824
77855825
77855826
77855827
77855829
77855868
77855873
77855887
77855909
77855922
77855923
77855924
77855925
77855926
77855969
77855973
77856065
77856067
77856068
77856110
77856115
77856116
77856117
77856118
77856119
77856120
77856121
77856122
77856126-64
77856127-05
77856128
77856141-07
77856151
77856152
77856153
77856157-21
77856158-05
77856158-07
77856161
77856166
77856167
77870038
77870527
77870549
77870775
77870796
77871333
77871351
77871376
77871382
77871389
77871754
77871756
77872263
77872264
77872267
77872336
77872418
77872543
77872544
77872551
77872565
77872567
77872822
77872879
77872916
77873113
77873185
77873328
77873334
77873340
77873341
77873345
77873404
77873405
77873409
77873411
77873412
77873417
77873478
77873488
77873490
77873496
77873498
77873547
77873558
77873559
77873594
77873611
77873613
77873614
77873615
77873619
77873620
77874052
77874264
77874584
77874586
77874612
77874613
77875108
77875117
77875122
77875123
77878508
77878523
77878525
77878533
77878534
77878535
77878536
77878537
77878538
77878539
77878572
77878583
77878586
77878696
77878725
77878726
77878783
77878798
77878839
77878887
77878899
77878907
77878914
77878922
77878970
77878971
77879009
77879010
77879048
77879049
77879059
77879065
77879068
77879069
77879076
77879085
77879086
77879093
77879094
77879113
77879136
77879138
77879201
77879203
77879204
77879205
77879206
77879207
77879208
77879219
77879220
77879228
77879237
77879240
77879244
77879247
77879250
77879264
77879268
77879269
77879270
77879289
77879293
77879301
77879310
77879316
77879317
77879319
77879321
77879327
77879328
77879335
77879351-10
77879351-14
77879351-15
77879351-18
77879351-19
77879351-20
77879361
77879374
77879375
77879376-2
77879380
77879384
77879398
77879401
77879424
77879425
77879430
77879432
77879433
77879436
77879437
77879438-01
77879446
77879447
77879448
77879455
77879456
77879463
77879464
77879465
77879477
77879484
77879493
77879519
77879521
77879532
77879538
77879544
77879552
77879555
77879558
77879559
77879566
77879567
77879577
77879586
77879588
77879589
77879590
77879596
77879598-06
77879598-07
77879598-08
77879598-09
77879598-10
77879608-02
77879611
77879618
77879621
77879622
77879626
77879627
77879629
77879631
77879632
77879633
77879640
77879658
77879675
77879680
77879689
77879693
77879695
77879696
77879697
77879721
77879722
78149-11A
782H056
782H069
805G690
805H048-900L
805H072-060L
805H072-25L
805H086-204L
805H100-030L
805H191-240L
805H199-280L
80-837-224-01
80-837-231-10
811H072-204L
815F044-900L
86600013
86600044
86600044/A
86600077
86600096
86600110
86600110/A
86600204
86600222
86600226
86600237
86600245
86600245/A
86600279
86600281
86600288
86600289
86600299
86600312
86600313
86600315
86600316
86600317
86600318
86600322
86600324
86600325
86600325/A
86600334
86600336
86600336/A
86600340
86600340/A
86600341
86600342
86600343
86600343/A
86600344
86600345
86600347
86600362
86600363
86600364
86600365
86600366
86600374
86600375
86600375/A
86600376
86600377
86600379
86600379/B
86600387
86600390
86600393
86600394
86600400
86600402
86600413
86600414
86600444
86600471
86600472
86600477
86600478
86600480
86600483
86600483/A
86600498
86600512
86600516
86600517
86600524
86600525
86600533
86600537
86600539
86600549
86600549/0.70
86600551
86600551/A
86600552
86600556
86600559
86600598
86603007
86603008
86603010
86603019
86603022
86603023
86603029
86603035
86603040
86603041
86603042
86603043
86603044
86603046
86603050
86603064
86603072
86603072/A
86603073
86603075
86603114
86603114/A
86603115
86603115/A
86603126
86603137
86603144
86603174
86603174/A
86603175
86603175/A
86603179
86603222
86603237
86603237/B
86603239
86603239/A
86603244
86603247
86603262
86603280
86603281
86603285
86603286
86603287
86603290
86603291
86603296
86603299
86603300
86603301
86603302
86603303
86603304
86603306
86603307
86603313
86603315
86603316
86603324
86603326
86603328
86603336
86603337
86603338
86603345
86603346
86603348
86603352
86603367
86603368
86603373
86603375
86603376
86603377
86603378
86603379
86603380
86603387
86603388
86603397
86603398
86603400
86603402
86603403
86603404
86603405
86603418
86603420
86603421
86603424
86603425
86603433
86603435
86603436
86603437
86603438
86603440
86603464
86603464/A
86603474
86603475
86605004
86605092
86605094
86605117
86605119
86605121
86605188
86605209
86605210
86605250
86605252
86605273
86605273/A
86605416
86605417
86605435
86605441
86605442
86605509
86605510
86605513
86605543
86605544
86605545
86605648
86605659
86605679
86605683
86605742
86605743
86605750
86605767
86605768
86605769
86605793
86605794
86605795
86605796
86605797
86605798
86605799
86605800
86605817
86605818
86605847
86605848
86605849
86605850
86605851
86605852
86605853
86605854
86605855
86605856
86605857
86605858
86605859
86605860
86605890
86605891
86605892
86605893
86605894
86605895
86605896
86605897
86605898
86605899
86605900
86605906
86605907
86605908
86605933
86605934
86605935
86605936
86605937
86605938
86605939
86605940
86605941
86605942
86605944
86605946
86605947
86605948
86605949
86610000
86610003
86610024
86610027
86610029
86610030
86610037
86610124
86610125
86610127
86610128
86610129
86610133
86610137
86610199
86610207
86610218
86610219
86610220
86610221
86610222
86610223
86610224
86610246
86610247
86610251
86610252
86610276
86610286
86610287
86610289
86610290
86610317
86610319
86610345
86610350
86610373
86610376
86610377
86610427
86610498
86610530
86610533
86610543
86610581
86610582
86610608
86610626
86610646
86610648
86610655
86610662
86610672
86610673
86610706
86610713
86610719
86610768
86610866
86610880-02
86610880-03
86610880-04
86610880-09
86610924-01
86610924-02
86610924-03
86610946
86610947
86610949-04
86610959
86610960
86610961
86610975
86610977
86610979
86610980-01
86610982-02
86610982-05
86610982-07
86610982-09
86610991
86611006
86611010
86611011
86611012-01
86611012-02
86611012-04
86611012-05
86611012-06
86611012-07
86611012-08
86611016
86611035
86611040
86611041-01
86611051-05
86611051-08
86611051-10
86611053
86611054
86611056-08
86611057
86611061-07
86611062
86611063
86611065
86611070
86611071
86611094-01
86611095-04
86611095-06
86611095-07
86611095-08
86611095-09
86611109-01
86611109-03
86611109-05
86611109-06
86611109-07
86611112-11
86611112-18
86611114
86611115
86611116
86611118
86611119
86611120
86611133
86620358
86620361
86620408-05
86620426
86620426P
86620451
86620489
86620506
86620512
86620706
86620837-02
86621058
86621059
86621060
86621137
86621148
86621149
86621151
86621160-E
86621179
86621180
86621241
86621244
86621314
86621331
86621381
86621471
86621712
86621785
86621789
86621803
86621824
86621866
86621934
86622014
86622023
86622147
86622211
86622237
86622239
86622241
86622243
86622245
86622247
86622249
86622251
86622460
86622490-02
86622653
86622654
86622663-02
86622670
86622778
86622978
86622983
86623124
86623137
86623141
86623166
86623420
86623432
86623463
86623467
86623495
86623502
86623722
86623781
86623826
86623829
86623830
86623935
86623949
86623966
86624105
86624157
86624158
86624325
86624344-03
86624346-04
86624360
86624361
86624738
86624739
86624762-03
86624794
86624842
86624843
86624894
86624895
86624951-03
86624955-02
86625114-03
86625166
86625208
86625211
86625213
86625340
86625365
86625383
86625384
86625416
86625416SP1
86625416SP2
86625416SP3
86625688-03
86625818
86626387
86626632
86626644
86626645
86626646
86626660
86626662
86626665
86626740
86626745
86626760
86626763
86626764
86626812
86626819
86626820
86626848
86626851
86626875-03
86626891
86626893-02
86627009
86627027
86628078
86628323
86628324
86628331
86628573
86628578
86628580
86628653
86628928-03
86628932
86628958
86628959
86628959SP1
86629050
86629051
86629085
86629090
86629159
86629168
86629185
86629365
86629444
86629555
86629734
86629842
86629847
86629849
86629884
86629930
86629945
86630000
86630018
86630215
86630253
86630256
86630397
86630403
86630438
86630439
86630468
86630514
86630515
86630573
86630598
86630599
86630675
86630750
86630753
86630764
86630778
86630868
86630869
86630977
86630979
86630981
86630982
86630987
86631137
86631179
86631199
86631202
86631215
86631216
86631222
86631250
86631251
86631252
86631263
86631264
86631282
86631283
86631285
86631297
86631299
86631478
86631480
86631592
86631611
86631636
86631642
86631651
86631653
86631669
86631677
86631777
86631805
86631806
86631807
86631808
86631809
86631810
86631811
86631812
86631813
86631814
86631953
86631964
86631992
86631998
86632001
86632161
86632175
86632265
86632266
86632272
86632345
86632350
86632354
86632355
86632356
86632357
86632363
86632386
86632496
86632620
86632664
86632705
86632715-02
86632905
86632914
86632915
86632921
86632930
86632931
86632940
86632941
86632942
86632988
86632989
86632990
86633003
86633004
86633013
86633014
86633015
86633017
86633050
86633051
86633066
86633067
86633084
86633168
86633196
86633246
86633261
86633267
86633388
86633525
86633553
86633564
86633564P
86633568
86633569
86633715
86633725-02
86633729
86633735
86633774
86633779
86633781
86633782
86633783
86633784
86633786
86633830
86633895
86633909
86633917
86633918
86633941
86633942
86633991
86634023
86634079
86634105
86634106
86634135-02
86634407
86634469
86634520
86634524
86634525
86634535
86634545
86634580
86634584
86634618
86634619
86634634
86634635
86634636
86634640
86634662
86634764
86634766
86634768
86634858
86634858P
86634861
86634861P
86634864
86634864P
86634867
86634867P
86634870
86635051
86635053
86635085
86635200
86635249
86635250
86635308
86635340
86635344
86635365
86635366-02
86635367
86635368
86635377
86635379
86635380
86635381
86635382
86635383
86635384
86635391
86635410
86635411
86635412
86635413
86635414
86635430
86635455
86635538
86635539
86635540
86635541
86635634
86635670
86635675
86635711
86635724
86635733
86635734
86635760
86635766
86635794
86635898
86635899
86635908
86635921
86636080
86636138
86636143
86636147
86636188
86636189
86636191
86636426
86636549
86636772
86636835
86636871
86636872
86636873
86636875
86636877
86637256
86637353SP
96736703
96736717
A10431G
A104-3G
A10446G
A105AT
A105BT
A105DP
A126A77
A126D77
A127A77
A181A66
A181B66
A181C66
A181D66
A210CP
A222Z
A223Z
AGS3706
AGS3711
AGS3713
AGS3731
AGS3732
AGS3808-1616
AMS5643(H1025)-736-900L
AMS5643-056-150L
AS12942
AS1986-04
AS1986-08
AS20623
AS20624
AS20625
AS20626
AS20642
AS20644
AS20907
AS20908
AS20909
AS20910
AS20911
AS20912
AS20913
AS20917
AS20925
AS20930
AS20932
AS20942
AS21010
AS21015
AS21016
AS21019
AS21031
AS21034
AS21117
AS21305
AS21308
AS21310
AS21405
AS21406
AS21411
AS21413
AS21414
AS21415
AS24027
AS27467
AS27468
AS27471
AS27472
AS27473
AS27475
AS27830
AS27904
AS27905
AS27906
AS27907
AS27908
AS27910
AS27914
AS3209-212
AS36505
AS36506
AS36507
AS36608
AS36612
AS36705
AS36706
AS36708
AS36709
AS36710
AS36714
AS36718
AS43003-902
AS43003-904
AS43003-905
AS43003-906
AS43003-907
AS43003-908
AS43003-909
AS43003-910
AS43003-912
AS43003-914
AS43003-916
AS43013-008
AS43013-009
AS43013-010
AS43013-011
AS43013-012
AS43013-013
AS43013-014
AS43013-015
AS43013-016
AS43013-017
AS43013-018
AS43013-019
AS43013-020
AS43013-021
AS43013-022
AS43013-024
AS43013-025
AS43013-026
AS43013-027
AS43013-029
AS43013-030
AS43013-031
AS43013-041
AS43013-106
AS43013-109
AS43013-111
AS43013-112
AS43013-113
AS43013-114
AS43013-115
AS43013-116
AS43013-117
AS43013-118
AS43013-119
AS43013-120
AS43013-121
AS43013-122
AS43013-123
AS43013-124
AS43013-125
AS43013-126
AS43013-127
AS43013-128
AS43013-129
AS43013-131
AS43013-132
AS43013-133
AS43013-135
AS43013-139
AS43013-146
AS43013-151
AS43013-152
AS43013-153
AS43013-154
AS43013-157
AS43013-162
AS43013-337
AS4561-1
AS4561-2
AS4561-3
AS48406
AS48408
AS48409
AS48412
AS48413
AS48414
AS48415
AS48418
AS48426
AS48428
AS48430
AS48432
AS48438
AS48440
AS48510
AS48512
AS48513
AS48515
AS48516
AS48517
AS48519
AS48525
AS48536
AS50313
AS5169D05
AS63237-1
AS63237-2
AS63237-5
AS63239
AS933-K-04
ASY10011
BSA236-4RW
BSSP108G
BSSP127C
BSSP19C
CD0004
CI0046-01T
CI0046-01T/B
CI0046-03T
CI0046-03T/B
DTD5014-085-205L
DTS20K09-98PD
DTS20K15-19PA
DTS20K15-19PN
EN2927-050010
EN2927-050014
EN2927-050016
EN2927-050018
EN2927-050020
EN2927-050022
EN2927-050024
EN2927-050050
EN2927-060020
EN2927-060022
EN2927-060038
EN2927-070020
EN2927-070024
EN2937-030010
EN2937-040012
EN2997SE0-14-15M6
EN3196-030
GTS1339-470J
GTS1427-11A
GTS1427-17
GTS1427-17/B
GTS1427-17/D
GTS1427-1A
GTS1427-1A/A
GTS1427-22
GTS1427-22/B
GTS1427-22A
GTS1427-9A
GTS1427-9A/C
GTS1427-9A/D
GTS1430
GTS1430/A
GTS1430/D
GTS1430/E
GTS1430/F
GTS1444
GTS1444/A
GTS1444/E
GTS1444/I
GTS1444/J
GTS1444/K
GTS1450-1
GTS1450-1/C
GTS1451
GTS1468-1
GTS1468-1/C
GTS1473-1
GTS1473-1/D
GTS1474-3
GTS149-1
GTS149-2
GTS1492-4
GTS1492-4/A
GTS1498-3
GTS1500-00
GTS1500-00/D
GTS1500-02
GTS1500-02/B
GTS1500-04
GTS1500-08
GTS1500-08/B
GTS1500-11
GTS1500-11/A
GTS1500-132
GTS1500-132/B
GTS1500-14
GTS1500-14/B
GTS1500-174
GTS1500-174/A
GTS1500-241
GTS1500-27
GTS1500-273
GTS1500-32
GTS1500-32/B
GTS1500-393
GTS1500-393/B
GTS1500-74
GTS1500-74/A
GTS1500-86
GTS1500-86/E
GTS1513-1
GTS1513-1/A
GTS1513-1/F
GTS1521-3
GTS1533-1
GTS1533-1/E
GTS1533-1/F
GTS1534-1
GTS1539
GTS1539/B
GTS1558-2
GTS1558-2/B
GTS1562-1
GTS1576-1
GTS1576-1/A
GTS1576-1/D
GTS1578-1
GTS1578-1/A
GTS1579-1
GTS1579-1/A
GTS1580-1
GTS1580-1/B
GTS1580-2
GTS1582-1
GTS1584-1
GTS1590-1
GTS1590-1/B
GTS1593-12
GTS1593-12/B
GTS1596-45
GTS1597-244
GTS1597-273
GTS1597-32
GTS1604-103F
GTS1604-103J
GTS1604-182J
GTS1604-472J
GTS1605-101J
GTS1605-101K
GTS1605-102J
GTS1605-220J
GTS1605-221J
GTS1605-271K
GTS1605-271K/A
GTS1605-330J
GTS1605-331J
GTS1605-470J
GTS1605-470K
GTS1605-471J
GTS1605-560K
GTS1606-102K
GTS1606-102K/A
GTS1606-103K
GTS1606-103K/A
GTS1606-104K
GTS1606-104K/A
GTS1606-122K
GTS1606-223K
GTS1606-332K
GTS1606-392K
GTS1606-472K
GTS1606-473K
GTS1607-103K
GTS1607-104K
GTS1607-105K
GTS1607-105K/A
GTS1607-124K
GTS1607-153K
GTS1607-154K
GTS1607-184K
GTS1607-222K
GTS1607-223K
GTS1607-224K
GTS1607-333K
GTS1607-334K
GTS1607-334K/A
GTS1607-394K
GTS1607-474K
GTS1607-564K
GTS1607-684K
GTS1608-4
GTS1608-4/A
GTS1612-103K
GTS1616-4K
GTS1616-4K/0.40A
GTS1616-4K/B
GTS1618-106K
GTS1618-106K/A
GTS1619-226K
GTS1619-226K/B
GTS1620-565K
GTS169-10
GTS169-4
GTS169-6
GTS169-7
GTS169-8
GTS1710-12K
GTS1710-12K/0.90
GTS1710-15K
GTS1710-15K/1.10
GTS1710-26K
GTS1710-26K/1.20A
GTS1710-30K
GTS1710-30K/0.90
GTS1710-32K
GTS1710-32K/1.10
GTS1710-32K/1.10A
GTS1710-57K
GTS1710-57K/0.90
GTS1710-63K
GTS1710-63K/1.10
GTS1710-66K
GTS1710-66K/1.20
GTS1710-86K
GTS1710-86K/0.90
GTS1710-89K
GTS1710-89K/1.10
GTS1714-125K
GTS1714-155K
GTS1714-185K
GTS1714-225K
GTS1714-225K/A
GTS1714-334K
GTS1714-335M
GTS1714-474K
GTS1714-474K/B
GTS176-11
GTS176-14
GTS176-20
GTS176-21
GTS176-22
GTS176-23
GTS176-8
GTS180-3
GTS180-8
GTS1909-1
GTS1909-10
GTS1909-10/0.50
GTS1909-10/0.50B
GTS1909-11
GTS1909-13
GTS1909-13/0.50
GTS1909-15
GTS1909-17
GTS1909-17/0.50
GTS1909-19
GTS1909-19/0.50
GTS1909-21
GTS1909-25
GTS1909-3
GTS1909-3/0.50
GTS1909-5
GTS1909-6
GTS1909-6/0.50
GTS1909-7
GTS1909-8
GTS1909-9
GTS1913
GTS1914-6
GTS1914-6/0.70A
GTS1914-6/0.70B
GTS1919-10
GTS1919-10/0.60
GTS1919-17
GTS1919-4
GTS1919-4/0.40
GTS1919-4/0.50
GTS1940-15V
GTS1940-15V/0.70
GTS1940-27V
GTS1940-27V/0.70
GTS1940-47V
GTS1940-47V/0.70
GTS1940-5V6
GTS1940-5V6/0.70
GTS1941-1
GTS1941-1/0.70
GTS1943-2
GTS1943-3
GTS1948-12
GTS1948-16
GTS1948-16/0.60
GTS1948-2
GTS1948-2/0.60
GTS1948-24
GTS1948-24/0.60
GTS1948-3
GTS1948-3/0.60
GTS1948-7
GTS1948-7/0.60
GTS1948-9
GTS1948-9/0.60
GTS1955-13B
GTS1955-14B
GTS1955-14B/0.60
GTS1955-6B
GTS1955-6B/0.60
GTS1957-13
GTS1957-15
GTS1957-20
GTS1957-20/0.60
GTS1957-21
GTS1957-25
GTS1957-25/0.60
GTS1957-26
GTS1957-26/0.60
GTS1957-5
GTS1957-5/0.60
GTS1958-4
GTS1959-4
GTS1959-4/0.70
GTS1959-4/0.70D
GTS1962-2
GTS1962-2/E
GTS1963-1
GTS1963-1/0.90B
GTS1963-29
GTS1963-29/0.90A
GTS1966-15
GTS1966-15/0.60
GTS1966-32
GTS1966-32/0.60
GTS1968-3
GTS1968-3/0.60
GTS1971-18V
GTS1971-18V/0.45
GTS1972-1
GTS1974-400
GTS1974-400/A
GTS1977-200
GTS1977-200/A
GTS1978-400
GTS1978-400/A
GTS2112-5
GTS2112-5/B
GTS2118-4
GTS2118-4/A
GTS2118-8
GTS2118-8/E
GTS2118-8/F
GTS2120-10
GTS2120-10/A
GTS2120-11
GTS2120-11/A
GTS2120-7
GTS2120-7/A
GTS212-3
GTS2212-100
GTS2212-101
GTS2212-101/0.50
GTS2212-102
GTS2212-103
GTS2212-104
GTS2212-105
GTS2212-105/0.50
GTS2212-106
GTS2212-106/0.90
GTS2212-112
GTS2212-122
GTS2212-122/0.50
GTS2212-123
GTS2212-124
GTS2212-124/0.50
GTS2212-132
GTS2212-132/0.50
GTS2212-133
GTS2212-133/0.50
GTS2212-134
GTS2212-134/0.50
GTS2212-152
GTS2212-153
GTS2212-153/0.50
GTS2212-154
GTS2212-154/0.50
GTS2212-160
GTS2212-160/0.50
GTS2212-161
GTS2212-161/0.50
GTS2212-162
GTS2212-162/0.50
GTS2212-163
GTS2212-163/0.50
GTS2212-181
GTS2212-182
GTS2212-183
GTS2212-183/0.50
GTS2212-184
GTS2212-184/0.50
GTS2212-200
GTS2212-201
GTS2212-202
GTS2212-202/0.50
GTS2212-203
GTS2212-204
GTS2212-221
GTS2212-222
GTS2212-222/0.50
GTS2212-223
GTS2212-240
GTS2212-240/0.50
GTS2212-241
GTS2212-242
GTS2212-242/0.50
GTS2212-243
GTS2212-243/0.50
GTS2212-244
GTS2212-244/0.50
GTS2212-271
GTS2212-271/0.50
GTS2212-272
GTS2212-273
GTS2212-274
GTS2212-301
GTS2212-303
GTS2212-304
GTS2212-330
GTS2212-331
GTS2212-332
GTS2212-333
GTS2212-334
GTS2212-334/0.50
GTS2212-360
GTS2212-362
GTS2212-362/0.50
GTS2212-363
GTS2212-392
GTS2212-393
GTS2212-3R3
GTS2212-3R3/0.50
GTS2212-430
GTS2212-431
GTS2212-431/0.50
GTS2212-432
GTS2212-432/0.50
GTS2212-470
GTS2212-470/0.50
GTS2212-471
GTS2212-472
GTS2212-473
GTS2212-474
GTS2212-510
GTS2212-510/0.50
GTS2212-512
GTS2212-513
GTS2212-560
GTS2212-562
GTS2212-562/0.50
GTS2212-621
GTS2212-621/0.50
GTS2212-622
GTS2212-681
GTS2212-681/0.50
GTS2212-683
GTS2212-683/0.50
GTS2212-684
GTS2212-751
GTS2212-752
GTS2212-753
GTS2212-753/0.50
GTS2212-821
GTS2212-821/0.50
GTS2212-824
GTS2212-824/0.70
GTS2212-912
GTS2212-913
GTS2212-913/0.50
GTS2218-100KB
GTS2218-100KB/0.50
GTS2218-100RB
GTS2218-100RB/0.50
GTS2218-10K5B
GTS2218-10K5B/0.50
GTS2218-10KB
GTS2218-110KB
GTS2218-11KB
GTS2218-11KB/0.50
GTS2218-12KB
GTS2218-12KB/0.50
GTS2218-13KB
GTS2218-14KB
GTS2218-14KB/0.50
GTS2218-150RB
GTS2218-150RB/0.50
GTS2218-15K4B
GTS2218-15KB
GTS2218-16K9B
GTS2218-16K9B/0.50
GTS2218-16KB
GTS2218-18K7B
GTS2218-18K7B/0.50
GTS2218-18KB
GTS2218-18KB/0.50
GTS2218-191KB
GTS2218-191KB/0.50
GTS2218-1K0B
GTS2218-1K21B
GTS2218-1K21B/0.50
GTS2218-1K58B
GTS2218-1K58B/0.50
GTS2218-1K62B
GTS2218-1K62B/0.50
GTS2218-1K87B
GTS2218-1K87B/0.50
GTS2218-1K96B
GTS2218-1M0B
GTS2218-1M0B/0.50
GTS2218-200KB
GTS2218-205KB
GTS2218-20KB
GTS2218-22KB
GTS2218-22KB/0.50
GTS2218-249RB
GTS2218-249RB/0.50
GTS2218-24K3B
GTS2218-24K3B/0.50
GTS2218-270KB
GTS2218-270RB
GTS2218-270RB/0.50
GTS2218-27KB
GTS2218-2K0B
GTS2218-2K2B
GTS2218-2K61B
GTS2218-2K61B/0.50
GTS2218-2K7B
GTS2218-2K87B
GTS2218-300RB
GTS2218-30KB
GTS2218-330KB
GTS2218-33KB
GTS2218-33KB/0.50
GTS2218-3K0B
GTS2218-3K0B/0.50
GTS2218-3K3B
GTS2218-3K6B
GTS2218-3K83B
GTS2218-3K83B/0.50
GTS2218-42K2B
GTS2218-42K2B/0.50
GTS2218-470RB
GTS2218-470RB/0.50
GTS2218-47KB
GTS2218-47KB/0.50
GTS2218-4K7B
GTS2218-4K7B/0.50
GTS2218-51KB
GTS2218-54K9B
GTS2218-56KB
GTS2218-5K1B
GTS2218-5K6B
GTS2218-620RB
GTS2218-62KB
GTS2218-6K2B
GTS2218-6K2B/0.50
GTS2218-75KB
GTS2218-887RB
GTS2218-887RB/0.50
GTS2218-887RF
GTS2218-887RF/0.50
GTS2218-8K45B
GTS2218-8K45B/0.50
GTS2218-8K66B
GTS2218-8K66B/0.50
GTS2218-910RB
GTS2218-910RB/0.50
GTS2218-91KB
GTS2218-91KB/0.50
GTS2218-93K1B
GTS2218-93K1B/0.50
GTS2218-93K1F
GTS2218-9K1B
GTS2225-13F
GTS2225-13F/A
GTS2225-9E
GTS2225-9E/A
GTS2226-10KG
GTS2226-10KJ
GTS2226-12KG
GTS2226-13KG
GTS2226-14K7G
GTS2226-14KG
GTS2226-150RJ
GTS2226-1K02J
GTS2226-1K0F
GTS2226-1K1G
GTS2226-1K27G
GTS2226-20KG
GTS2226-20KJ
GTS2226-20RC
GTS2226-22KG
GTS2226-24K3G
GTS2226-27KG
GTS2226-2K0G
GTS2226-2K7J
GTS2226-30KG
GTS2226-40R2B
GTS2226-5K6G
GTS2226-6K8G
GTS2235-100K-X
GTS2235-100K-X/B
GTS2235-10K-6
GTS2235-10K-8
GTS2235-10K-X
GTS2235-10K-X/A
GTS2235-150K-X
GTS2235-1K0-X
GTS2235-22K-6
GTS2235-22K-6/A
GTS2235-22K-8
GTS2235-22K-8/A
GTS2235-22K-X
GTS2235-22K-X/B
GTS2235-2K2-X
GTS2235-2K2-X/A
GTS2235-330K-X
GTS2235-4K7-6
GTS2235-4K7-6/A
GTS2235-4K7-8
GTS2235-4K7-8/A
GTS2235-4K7-X
GTS2235-4K7-X/A
GTS2235-68K-6
GTS2235-68K-6/B
GTS2235-68K-8
GTS2235-68K-X
GTS2235-68K-X/A
GTS2238-102-8
GTS2238-102-8/A
GTS2238-102-X
GTS2238-102-X/A
GTS2238-102-X/C
GTS2238-103-6
GTS2238-103-6/A
GTS2238-103-8
GTS2238-103-X
GTS2238-103-X/A
GTS2238-103-X/C
GTS2238-104-X
GTS2238-154-X
GTS2238-183-X
GTS2238-183-X/A
GTS2238-223-8
GTS2238-223-8/A
GTS2238-223-X
GTS2238-223-X/B
GTS2238-223-X/C
GTS2238-224-X
GTS2238-224-X/A
GTS2238-272-X
GTS2238-272-X/A
GTS2238-273-6
GTS2238-273-6/A
GTS2238-273-X
GTS2238-273-X/A
GTS2238-333-8
GTS2238-334-8
GTS2238-334-X
GTS2238-472-X
GTS2238-472-X/A
GTS2238-472-X/B
GTS2238-474-8
GTS2238-562-8
GTS2238-563-X
GTS2247-100RH
GTS2247-1K0H
GTS2247-20KH
GTS2247-5K6H
GTS2250-1002G
GTS2250-4701G
GTS2525-4
GTS2531-12
GTS2531-3
GTS2531-5
GTS2531-6
GTS2531-7
GTS2531-8
GTS2531-9
GTS2532-12
GTS2532-5
GTS2532-6
GTS2533-10
GTS2533-11
GTS2533-13
GTS2533-14
GTS2533-2
GTS2533-3
GTS2533-4
GTS2533-5
GTS2533-6
GTS2533-7
GTS2533-8
GTS2533-9
GTS2534-10
GTS2534-11
GTS2534-12
GTS2534-14
GTS2534-17
GTS2534-25
GTS2534-5
GTS2534-6
GTS2534-7
GTS2534-8
GTS2534-9
GTS2535-11
GTS2535-12
GTS2535-13
GTS2535-14
GTS2535-9
GTS2536-10
GTS2536-12
GTS2536-15
GTS2536-4
GTS2536-5
GTS2536-7
GTS2536-9
GTS2537-3
GTS2538-10
GTS2538-14
GTS2538-16
GTS2538-20
GTS2538-22
GTS2538-7
GTS2538-9
GTS2556-1
GTS2556-3
GTS2556-4
GTS2556-5
GTS2556-8
GTS2611-11
GTS2611-11/AA
GTS2611-11/B
GTS2611-11/D
GTS2611-11/E
GTS2611-11/O
GTS2611-11/P
GTS2611-11/R
GTS2611-20
GTS2611-20/A
GTS2611-20/C
GTS2611-20/E
GTS2611-20/F
GTS2611-20/G
GTS2611-20/H
GTS2611-24
GTS2611-24/AA
GTS2611-24/C
GTS2611-24/H
GTS2611-24/P
GTS2611-24/U
GTS2611-24/V
GTS2611-45
GTS2611-45/D
GTS2611-54
GTS2611-54/B
GTS2611-54/C
GTS2611-54/L
GTS2611-59
GTS2611-59/A
GTS2611-59/H
GTS2611-59/J
GTS2611-59/N
GTS2611-59/Q
GTS2611-59/R
GTS2611-59/S
GTS2611-59/U
GTS2611-63
GTS2611-70
GTS2611-70/A
GTS2611-70/AB
GTS2611-70/G
GTS2611-75
GTS2611-75/A
GTS2611-75/G
GTS2611-9
GTS2611-9/B
GTS2611-9/E
GTS2611-9/G
GTS2611-9/H
GTS296-12
GTS297-1
GTS297-2
GTS297-4
GTS3017-507A
GTS3017-507A/A
GTS3017-508A
GTS3017-508A/F
GTS3017-509A
GTS3025-2
GTS3025-2/B
GTS304-013
GTS326-12
GTS326-13
GTS326-14
GTS326-15
GTS326-21
GTS326-22
GTS326-23
GTS326-24
GTS326-32
GTS326-4
GTS326-5
GTS326-6
GTS327-10
GTS327-11
GTS327-19
GTS327-20
GTS327-21
GTS328-6
GTS328-8
GTS3507-1
GTS4002-240
GTS4002-241
GTS4036-12
GTS4037-1
GTS4038-1
GTS4041-1
GTS4049-00
GTS4049-74
GTS4103-407
GTS4103-506
GTS4103-508
GTS4103-509
GTS4104-1
GTS4105-1
GTS4105-1/A
GTS4200
GTS4300
GTS4301-1
GTS4302-1S
GTS4303-1S
GTS4303-2S
GTS4304-1S
GTS4304-3S
GTS4305-1
GTS4307-10V
GTS4307-18V
GTS4307-24V
GTS4308-10V
GTS4308-40V
GTS4308-5V0
GTS4500-101J
GTS4500-102J
GTS4500-122J
GTS4500-152J
GTS4500-181J
GTS4500-182F
GTS4500-182J
GTS4500-220G
GTS4500-220J
GTS4500-220K
GTS4500-221F
GTS4500-221J
GTS4500-222F
GTS4500-222J
GTS4500-330J
GTS4500-332J
GTS4500-391F
GTS4500-391J
GTS4500-470J
GTS4500-471J
GTS4500-560J
GTS4500-561J
GTS4500-680J
GTS4500-681J
GTS4503-103K
GTS4506-102J
GTS4506-122J
GTS4506-181J
GTS4506-222J
GTS4506-271J
GTS4506-272J
GTS4506-332J
GTS4506-472J
GTS4506-821J
GTS475-9
GTS476-1
GTS476-1/0.50
GTS476-109
GTS476-11
GTS476-19K6
GTS476-2
GTS476-20
GTS476-20/0.50
GTS476-25
GTS476-25/0.50
GTS476-255R
GTS476-31
GTS476-32
GTS476-35
GTS476-39
GTS476-39/0.50
GTS476-41
GTS476-42
GTS476-43
GTS476-44
GTS476-45
GTS476-47
GTS476-51
GTS476-52
GTS476-52/0.50
GTS476-55
GTS476-59
GTS476-64
GTS476-66
GTS476-67
GTS476-67/0.50
GTS476-75
GTS476-75/0.50
GTS476-76
GTS476-76/0.50
GTS476-77
GTS476-79
GTS476-79/0.50
GTS476-83
GTS476-88
GTS476-89
GTS486-104B
GTS486-104B/0.70
GTS486-105B
GTS486-105B/0.70
GTS486-109B
GTS486-121B
GTS486-145C
GTS486-145C/0.70
GTS486-25B
GTS486-29B
GTS486-29B/0.70
GTS486-32B
GTS486-35B
GTS486-39B
GTS486-40B
GTS486-41B
GTS486-45B
GTS486-45B/0.70
GTS486-46B
GTS486-46B/0.70
GTS486-49B
GTS486-53B
GTS486-66B
GTS486-66B/0.70
GTS486-69B
GTS486-73B
GTS486-79B
GTS486-79B/0.70
GTS486-85B
GTS486-85B/0.70
GTS486-89B
GTS486-89B/0.70
GTS486-92B
GTS486-97B
GTS486-97B/0.70
GTS487-104B
GTS487-104B/0.90A
GTS487-105B
GTS487-105B/0.90A
GTS487-145B
GTS487-145B/0.90A
GTS487-27B
GTS487-27B/0.90A
GTS487-33B
GTS487-33B/0.90A
GTS487-51B
GTS487-51B/0.90
GTS49-16
GTS51-10H
GTS51-11C
GTS51-3C
GTS51-3F
GTS51-3H
GTS51-4C
GTS51-5H
GTS51-7F
GTS51-7G
GTS51-8H
GTS51-9H
GTS609-100F
GTS609-114F
GTS609-114F/0.50
GTS609-126F
GTS609-126F/0.50
GTS609-141F
GTS609-141F/0.50
GTS609-162F
GTS609-162F/0.50
GTS609-173F
GTS609-173F/0.50
GTS609-179F
GTS609-179F/0.50
GTS609-185F
GTS609-185F/0.50
GTS609-186F
GTS609-186F/0.50
GTS609-18KF
GTS609-18KF/0.50
GTS609-193F
GTS609-205F
GTS609-205F/0.50
GTS609-214F
GTS609-221F
GTS609-222F
GTS609-222F/0.50
GTS609-22KF
GTS609-22KF/0.50
GTS609-239F
GTS609-239F/0.50
GTS609-240F
GTS609-240F/0.50
GTS609-243F
GTS609-247F
GTS609-247F/0.50
GTS609-248F
GTS609-253F
GTS609-253F/0.50
GTS609-256F
GTS609-256F/0.50
GTS609-258F
GTS609-258F/0.50
GTS609-261F
GTS609-26F
GTS609-26F/0.80A
GTS609-27KF
GTS609-27KF/0.50
GTS609-280B
GTS609-280B/0.50
GTS609-280F
GTS609-280F/0.50
GTS609-285F
GTS609-285F/0.50
GTS609-289F
GTS609-289F/0.50
GTS609-297F
GTS609-297F/0.50
GTS609-298F
GTS609-298F/0.50
GTS609-2K2F
GTS609-2K2F/0.50
GTS609-30KF
GTS609-30KF/0.50
GTS609-314F
GTS609-314F/0.50
GTS609-318F
GTS609-318F/0.50
GTS609-319F
GTS609-320F
GTS609-329F
GTS609-329F/0.50
GTS609-330KF
GTS609-354F
GTS609-354F/0.50
GTS609-385F
GTS609-385F/0.50
GTS609-386F
GTS609-386F/0.50
GTS609-414F
GTS609-414F/0.50
GTS609-419F
GTS609-430F
GTS609-47KF
GTS609-47KF/1.20A
GTS609-4K7F
GTS609-4K7F/0.50
GTS609-5K1F
GTS609-5K6F
GTS609-5K6F/0.50
GTS609-66F
GTS609-66F/0.50
GTS609-6K2F
GTS609-6K2F/0.50
GTS609-97F
GTS609-97F/0.50
GTS609-9K1F
GTS609-9K1F/0.50
GTS615-101C
GTS615-101C/0.80
GTS615-118B
GTS615-118B/0.80
GTS615-16B
GTS615-16B/0.80C
GTS615-1A
GTS615-1A/0.80A
GTS615-26B
GTS615-26B/0.80A
GTS615-28C
GTS615-28C/0.80A
GTS615-34D
GTS615-34D/0.80
GTS615-38C
GTS615-38C/0.80
GTS615-44B
GTS615-44B/0.80
GTS615-51D
GTS615-51D/0.80
GTS615-65A
GTS615-65A/0.80
GTS615-68C
GTS615-68C/0.80A
GTS615-78C
GTS615-78C/0.80
GTS615-79C
GTS615-79C/0.80
GTS615-86B
GTS615-86B/0.80A
GTS615-8A
GTS615-8A/0.80C
GTS615-93C
GTS615-93C/0.80
GTS615-94B
GTS615-94B/0.80
GTS717-1K8J
GTS727-12
GTS727-12/0.90B
GTS727-26
GTS727-26/0.90A
GTS727-28
GTS727-28/0.90A
GTS727-30
GTS727-30/0.90B
GTS727-32
GTS727-32/0.90A
GTS727-42
GTS727-42/0.90A
GTS727-56
GTS727-56/0.90A
GTS784-1
GTS797-3
GTS797-7
GTS811-17
GTS811-21
GTSA1540
GTSA1540/A
GTSA1571
GTSA1571/B
GTSA2280-A1001F
GTSA2280-A1002F
GTSA2280-A2002F
GTSA2280-A39R0F
GTSA2280-A5002F
GTSA2280-B1001G
GTSA2280-B2003J
GTSA2280-B7502F
KDC3487
KDC5592
KDC5605
KDC6036
KDC6145
KDC6376
KDCC435
KIT10031
KIT10058
KIT10078
KIT10104
KIT10189
KIT10190
KIT10191
KIT10193
KIT10203
KIT10214
KIT10217
KIT10218
KIT10219
KIT10222
KIT10233
KIT10246
KIT10253
KIT10277
KIT10294
KIT10295
KIT10296
KIT10298
KIT10357
KIT10363
KIT10365
KIT10471
KIT10534
KIT10535
KIT10542
KIT10556
KIT10558
KIT10561
KIT10632
KIT10638
KIT10731
KIT10790
KIT10806
KIT10813
KIT10814
KIT10815
KIT10817
KIT10829
KIT10833
KIT10837
KIT10838
KIT10850
KIT10852
KIT10853
KIT10862
KIT10870
KIT10872
KIT10873
KIT10880
KIT10886
KIT10899
KIT10900
KIT10902
L168-048-900L
L168-085-205L
M25988-3-116
M25988-3-119
M25988-3-132
M27426-3-107D
M83248-1-006
M83248-1-007
M83248-1-008
M83248-1-009
M83248-1-010
M83248-1-011
M83248-1-012
M83248-1-013
M83248-1-014
M83248-1-015
M83248-1-016
M83248-1-017
M83248-1-018
M83248-1-020
M83248-1-026
M83248-1-030
M83248-1-031
M83248-1-034
M83248-1-108
M83248-1-110
M83248-1-111
M83248-1-112
M83248-1-113
M83248-1-114
M83248-1-115
M83248-1-116
M83248-1-117
M83248-1-119
M83248-1-120
M83248-1-121
M83248-1-123
M83248-1-124
M83248-1-125
M83248-1-126
M83248-1-127
M83248-1-128
M83248-1-129
M83248-1-132
M83248-1-146
M83248-1-148
M83248-1-151
MA0001-3F3
MA0002-1
MA0003-1
MA0007-3F3
MA0008-1
MA0009-1
MA3352A0045
MA3352A0051
MA3352A0060
MA3352A0080
MA3352A0090
MA3352A0095
MA3352A0112
MA3352A0140
MA3352A0212
MA3352B0170
MA3352B0200
MA3352B0212
MA3352B0250
MA3352B0345
MA3352B0400
MA3352B0425
MA3352B0437
MA3352B0475
MA3434A0140
MA4017-12
MILC5501-3-4
MJ0017-1
MJ0023-1
MJ0062-1
MJ0063-1
MJ0064-1
MJ0065-1
MJ0107-1
MP0017-2
MP0022-1
MP0022-1/B
MP0034-4
MP0056-1
MP0057-1
MP0072-1
MP0073-1
MS16995-11
MS16995-17
MS16995-18
MS16996-10
MS20613-2C6
MS21043-06
MS21209F1-15L
MS21209F1-20L
MS24391D2L
MS24391D4L
MS24391J2L
MS24391J4L
MS24487D4L
MS27488-20-1
MS35650-304
MS51525B4S
MS90376-10R
MS90376-12R
MS9058-08
MS9100-08
MS9193-06
MS9193-08
MS9194-08
MS9276-10
MS9488-03
MS9488-08
MS9549-08
MS9549-09
MS9549-10
MS9555-05
MS9555-07
MS9556-07
MS9556-08
MS9556-09
MS9556-10
MS9556-25
MS9556-26
MS9557-11
MS9557-13
MS9557-14
MS9966-02
MS9966-04
MS9966-05
MS9967-008
MS9967-009
MS9967-010
MS9967-011
MS9967-012
MS9967-013
MS9967-014
MS9967-015
MS9967-016
MS9967-038
MS9967-108
MS9967-110
MS9967-113
MS9967-114
MS9967-115
MS9967-116
MS9967-118
MS9967-119
MS9967-120
MS9967-121
MS9967-122
MS9967-125
MS9967-135
MS9967-146
MS9967-153
MS9967-241
NA0069-A030012
NA0069-A040016
NA0069-A040020
NA0069A050046
NAS1805-3P
PL3671PT9B
S106-052-064L
S80-747-144L
S95-039-900L
SC0001-106K
SC0001-336K
SC0002-475K
SC0002-685K
SC0003-475K
SC0029-100J
SC0029-101J
SC0029-102F
SC0029-102J
SC0029-151J
SC0029-181F
SC0029-220J
SC0029-221J
SC0029-271J
SC0029-330J
SC0029-331J
SC0029-391J
SC0029-470J
SC0029-471J
SC0029-561J
SC0029-680J
SC0029-681F
SC0029-681J
SC0029-821J
SC0094-336K
SC0096-475K
SC0101-107K
SC0102-686K
SC0105-106K
SC0105-156K
SC0106-475K
SC0106-685K
SC0111-155K
SC0113-224K
SC0115-105K
SC0117-475K
SC0130-104K
SC0138-224K
SC0138-474K
SC0147-226M
SC0178-476M
SC0199-105K
SC0218-123K
SC0218-223K
SC0218-333K
SC0219-104K
SC0219-223K
SC0220-102J
SC0222-472K
SC0223-222K
SC0223-471K
SC0224-331K
SC0224-391K
SC0225-104K
SC0225-105K
SC0225-185K
SC0225-223K
SC0225-224K
SC0225-333K
SC0225-473K
SC0225-474K
SC0238-154K
SC0238-224K
SC0240-105K
SC0240-225K
SC0240-475K
SC0241-101K
SC0241-102K
SC0241-103K
SC0241-104K
SC0241-123K
SC0241-151K
SC0241-152K
SC0241-153K
SC0241-181K
SC0241-182K
SC0241-183K
SC0241-221K
SC0241-222K
SC0241-223K
SC0241-271K
SC0241-272K
SC0241-332K
SC0241-392K
SC0241-471K
SC0241-472K
SC0241-473K
SC0241-561K
SC0241-562K
SC0241-682K
SC0241-822K
SC0242-102K
SC0242-103K
SC0242-104K
SC0242-123K
SC0242-182K
SC0242-183K
SC0242-222K
SC0242-272K
SC0242-332K
SC0242-472K
SC0242-473K
SC0242-682K
SC0243-101K
SC0243-102K
SC0243-103K
SC0243-151K
SC0243-221K
SC0243-471K
SC0243-562K
SC0243-681K
SC0244-104K
SC0244-224K
SC0244-225K
SC0244-333K
SC0245-104K
SC0245-223K
SC0248-103K
SC0248-104K
SC0249-103K
SC0249-104K
SC0249-223J
SC0251-183K
SC0253-275K
SC0260-107K
SC0267-102F
SC0268-475M
SC0269-681G
SC0290-471K
SC0296-476M
SC0300-101J
SC0300-220J
SC0301-102K
SC0301-103K
SC0301-333K
SC0302-105K
SC0304-681J
SC117513-1
SD0014
SD0022-1
SD0039-B5V6
SD0039-C10
SD0039-C11
SD0039-C12
SD0039-C15
SD0039-C16
SD0039-C18
SD0039-C20
SD0039-C24V
SD0039-C2V4
SD0039-C39
SD0039-C3V9
SD0039-C4V7
SD0039-C5V1
SD0039-C5V6
SD0039-C6V2
SD0039-C6V8
SD0039-C7V5
SD0039-C9V1
SD0040-1
SD0046-1
SD0050-5V7
SD0053-1
SD0053-2
SD0063-11V4
SD0064-69V2
SD0064-9V9
SD0072-15V0
SD0072-24V0
SD0072-5V0
SD0072-85V
SD0073-18V
SD0073-20V
SD0073-28V
SD0073-33V
SD0073-40V
SD0073-48V
SD0073-5V0
SD0073-8V5
SD0090-1
SD0092-12V0
SD0092-17V0
SD0092-24V0
SD0092-33V0
SD0092-5V0
SD0092-8V0
SD0094-1
SD0095-1
SD0102-1
SD0103-1
SD0104-B62
SD0104-C5V1
SD0111-1
SD0114-1
SD0115-1
SD0120-1
SD0127-1
SD0130-1
SD0138-1
SD0143-1
SD0144-1
SD0145-1
SD0151-1
SD0153-1
SD0153-2
SD0159-1
SD0160-1
SD0161-1
SD0165-200
SD0166-1000
SD0168-1000
SD0171-1
SD0187-12V
SD0187-20V
SD0187-30V
SD0187-39V
SD0187-6V8
SD0188-1
SD0189-1
SD0205-24V
SF0023-1
SI0001-16MHZ
SI0001-25MHZ
SI0003-20
SI0004
SI0007
SI0009
SI0012
SI0015
SI0019-20
SI0174-1
SI0213-32
SI0231-1
SI0243-1
SI0275-408
SI0276-1
SI0277-1
SI0316-1
SI0317-1
SI0318-1
SI0322-2
SI0330-2
SI0332-1
SI0333-1
SI0334-1
SI0335-1
SI0354-2
SI0355-1
SI0356-2
SI0359-90
SI0359-90/A
SI0363-1
SI0366-1
SI0368-10
SI0372-1
SI0380-1
SI0389-1
SI0390-1
SI0403-1
SI0406-1
SI0409-1
SI0429-1
SI0432-1
SI0434-00
SI0434-08
SI0434-11
SI0440-1
SI0441-1
SI0483-1
SI0493-307
SI0502-1
SI0506-3
SI0507-3
SI0508-1
SI0509-1
SI0510-1
SI0511-1
SI0512-1
SI0515-1
SI0516-3
SI0523-1
SI0524-1
SI0525-1
SI0526-1
SI0528-1
SI0529-1
SI0532-1
SI0534-1
SI0537-1
SI0542-1
SI0543-1
SI0548-1
SI0549-1
SI0550-2
SI0551-2
SI0554-125
SI0558-1
SI0561-1
SI0562-1
SI0563-1
SI0564-1
SI0565-1
SI0566-1
SI0567-1
SI0568-1
SI0620-1
SI0621-1
SL0014-10K
SL0014-22K
SL0014-2K6
SL0014-6K2
SL0015-12K
SL0015-4K9
SL0016-8K6
SL0016-M15
SL0026-03L
SL0028-1
SM0022-001
SM0022-005
SM0022-007
SM0022-010
SO0011-1
SP11A
SP126A
SP126D
SP126E
SP127A
SP127B
SP127C
SP127D
SP127E
SP134A
SP134B
SP134C
SP134D
SP135A
SP26Z
SP27Z
SP47C
SP47E
SP77-204
SQ0052-1
SQ0057-1
SQ0058-1
SQ0059-1
SQ0060-1
SQ0061-1
SQ0062-1
SQ0066-1
SQ0068-1
SQ0074-1
SQ0079-1
SQ0080-1
SQ0080-2
SQ0081-1
SQ0082-1
SQ0089-1
SQ0090-1
SQ0097-1
SQ0097-1/A
SQ0098-1
SQ0101-1
SQ0113-1
SQ0114-1
SQ0116-1
SQ0117-1
SQ0118-1
SQ0126-1
SQ0127-1
SQ0130-1
SQ0131-1
SQ0132-1
SQ0134-1
SQ0135-1
SQ0136-1
SQ0140-1
SQ0141-1
SQ0142-1
SQ0143-1
SQ0145-1
SQ0146-1
SQ0149-1
SQ0154-1
SQ0167-1
SQ0168-1
SQ0169-1
SQ0171-1
SQ0172-1
SQ0173-1
SQ0175-1
SQ0177-1
SQ0179-1
SQ0180-1
SQ0181-1
SQ0183-1
SQ0184-1
SQ0185-1
SQ0186-1
SQ0187-2
SQ0189-1
SQ0190-1
SQ0194-1
SQ0199-1
SQ0201-1
SQ0203-1
SQ0204-1
SQ0213-1
SQ0216-1
SR0001-101F
SR0001-102F
SR0001-103F
SR0001-104F
SR0001-105G
SR0001-1073F
SR0001-1212F
SR0001-1431F
SR0001-143F
SR0001-151F
SR0001-152F
SR0001-153F
SR0001-1623F
SR0001-1692F
SR0001-1742F
SR0001-201F
SR0001-202F
SR0001-203F
SR0001-204F
SR0001-2211F
SR0001-2212F
SR0001-2493F
SR0001-2672F
SR0001-273G
SR0001-2872F
SR0001-3012F
SR0001-3320F
SR0001-3321F
SR0001-3571F
SR0001-3572F
SR0001-3573F
SR0001-3832F
SR0001-3922F
SR0001-392F
SR0001-4121F
SR0001-4321F
SR0001-4423F
SR0001-473G
SR0001-4751F
SR0001-4991F
SR0001-49R9F
SR0001-5113F
SR0001-513F
SR0001-51R1F
SR0001-6190F
SR0001-6812F
SR0001-6982F
SR0001-751G
SR0001-753F
SR0001-7682F
SR0001-8251F
SR0001-8451F
SR0001-8662F
SR0001-8871F
SR0001-9091F
SR0001-9092F
SR0002-000
SR0002-100G
SR0002-101G
SR0002-102G
SR0002-103F
SR0002-103G
SR0002-104G
SR0002-105G
SR0002-106J
SR0002-110G
SR0002-111G
SR0002-112G
SR0002-113G
SR0002-114G
SR0002-115J
SR0002-120G
SR0002-121G
SR0002-122G
SR0002-123G
SR0002-124G
SR0002-130G
SR0002-131G
SR0002-132G
SR0002-133G
SR0002-150G
SR0002-151G
SR0002-152G
SR0002-153G
SR0002-154G
SR0002-162G
SR0002-163G
SR0002-181G
SR0002-182G
SR0002-183G
SR0002-184G
SR0002-1R0J
SR0002-200G
SR0002-201G
SR0002-202G
SR0002-203G
SR0002-204G
SR0002-220G
SR0002-221G
SR0002-222G
SR0002-223G
SR0002-224G
SR0002-225J
SR0002-240G
SR0002-241G
SR0002-242G
SR0002-243G
SR0002-270G
SR0002-271G
SR0002-272G
SR0002-273G
SR0002-274G
SR0002-2R2J
SR0002-300G
SR0002-301G
SR0002-302G
SR0002-303G
SR0002-304G
SR0002-305J
SR0002-330G
SR0002-331G
SR0002-332G
SR0002-333G
SR0002-334G
SR0002-360G
SR0002-361G
SR0002-362G
SR0002-363G
SR0002-390G
SR0002-391G
SR0002-392G
SR0002-393G
SR0002-394G
SR0002-430G
SR0002-432G
SR0002-433G
SR0002-470G
SR0002-471G
SR0002-472G
SR0002-473G
SR0002-474G
SR0002-510G
SR0002-511G
SR0002-512G
SR0002-513G
SR0002-514G
SR0002-515J
SR0002-560G
SR0002-561G
SR0002-562G
SR0002-563G
SR0002-564G
SR0002-620G
SR0002-621G
SR0002-622G
SR0002-623G
SR0002-680G
SR0002-681G
SR0002-682G
SR0002-683G
SR0002-684G
SR0002-751G
SR0002-752G
SR0002-753G
SR0002-754G
SR0002-820G
SR0002-821G
SR0002-822G
SR0002-823G
SR0002-910G
SR0002-912G
SR0002-913G
SR0004-2613F
SR0004-4643F
SR0009-1011B
SR0009-101B
SR0009-102B
SR0009-103B
SR0009-104B
SR0009-111B
SR0009-1132B
SR0009-113B
SR0009-114B
SR0009-1211B
SR0009-1212B
SR0009-1213B
SR0009-123B
SR0009-1322B
SR0009-132B
SR0009-133B
SR0009-151B
SR0009-152B
SR0009-153B
SR0009-154B
SR0009-1622B
SR0009-163B
SR0009-1642B
SR0009-1722B
SR0009-1742B
SR0009-183B
SR0009-1872B
SR0009-202B
SR0009-203B
SR0009-204B
SR0009-212B
SR0009-213B
SR0009-2211B
SR0009-2212B
SR0009-221RB
SR0009-224B
SR0009-2321B
SR0009-242B
SR0009-243B
SR0009-273B
SR0009-2742B
SR0009-283B
SR0009-3011B
SR0009-303B
SR0009-3091B
SR0009-3162B
SR0009-3321B
SR0009-3322B
SR0009-332RB
SR0009-333B
SR0009-3612B
SR0009-3741B
SR0009-3882B
SR0009-4221B
SR0009-431B
SR0009-433B
SR0009-4532B
SR0009-471B
SR0009-472B
SR0009-473B
SR0009-4751B
SR0009-4752B
SR0009-4811B
SR0009-4991B
SR0009-5111B
SR0009-5112B
SR0009-5621B
SR0009-5622B
SR0009-562B
SR0009-576RB
SR0009-593B
SR0009-6191B
SR0009-6192B
SR0009-623B
SR0009-6811B
SR0009-6812B
SR0009-681RB
SR0009-7151B
SR0009-751B
SR0009-752B
SR0009-753B
SR0009-75RB
SR0009-8062B
SR0009-8161B
SR0009-8661B
SR0009-9092B
SR0009-909RB
SR0009-9761B
SR0010-101F
SR0010-102F
SR0010-103F
SR0010-104F
SR0010-105F
SR0010-151F
SR0010-161F
SR0010-18R2F
SR0010-2212F
SR0010-2672F
SR0010-3321F
SR0010-3322F
SR0010-4022F
SR0010-4751F
SR0010-4752F
SR0010-51R1F
SR0010-6811F
SR0010-681RF
SR0010-753F
SR0063-101T
SR0063-102T
SR0063-103B
SR0063-103T
SR0063-1992T
SR0063-200B
SR0063-201T
SR0063-203T
SR0064-102D
SR0064-503D
SR0065-102G
SR0065-103G
SR0065-203G
SR0065-333G
SR0065-390G
SR0065-472G
SR0065-563G
SR0066-103G
SR0067-753G
SR0068-103F
SR0069-0R1F
SR0069-0R5F
SR0069-100RF
SR0069-10RF
SR0069-1R0F
SR0069-20RF
SR0069-27RF
SR0069-2K0F
SR0069-2R0F
SR0069-39RF
SR0069-3R9F
SR0075-101F
SR0075-104F
SR0075-204F
SR0075-333F
SR0075-475KF
SR0075-824F
SR0092-0R499F
SR0095-0R1F
SR0095-100F
SR0095-12RF
SR0096-201J
SR0097-0R02F
SR0101-000
SR0101-103F
SR0101-105F
SR0101-204F
SR0101-331F
SR0101-332F
SR0101-433F
SR0101-472F
SR0101-513F
SR0101-822F
SR0104-103A
SR0104-503A
SR0108-102G
SR0108-103G
SR0108-104G
SR0108-243G
SR0108-273G
SR0108-512G
SR0108-622G
SR0110-000
SR0115-103J
SR0115-104J
SR0115-183J
SR0115-330G
SR0115-470G
SR0118-100F
SR0118-102F
SR0118-103F
SR0118-104F
SR0118-105F
SR0118-122F
SR0118-123F
SR0118-154F
SR0118-185F
SR0118-220F
SR0118-222F
SR0118-223F
SR0118-224F
SR0118-2432F
SR0118-2552F
SR0118-2R2F
SR0118-334F
SR0118-470F
SR0118-472F
SR0118-474F
SR0118-512F
SR0118-752F
SR0118-753F
SR0118-822F
SR0120-1R5F
SR0120-6R8F
SR0137-0R10J
SR0139-1
SR0143-164F
SR0148-104H
SR0148-6812H
SR0149-103B
SR0149-1102B
SR0149-1581B
SR0149-1622B
SR0149-1822B
SR0149-3321B
SR0149-392RB
SR0150-101Q
SR0150-102Q
SR0150-201Q
SR0151-1
SR0159-101F
SR0159-102F
SR0159-103F
SR0159-104F
SR0159-152F
SR0159-203F
SR0159-272F
SR0159-332F
SR0159-393F
SR0159-472F
SR0159-473F
SR0159-562F
SR0159-684F
SR0160-102B
SR0160-103B
SR0160-183B
SR0160-2321B
SR0160-303B
SR0160-753B
SS0015-1
ST0004-1
STD1017-4013
STD1017-4025
STD1017-4111
STD1017-4112
STD1017-4117
STD1017-4118
STD1017-4121
STD1017-4146
STD1017-4905
STD1017-4908
STD1017-4909
STD1017-4914
STD1017-4918
STD1031-4013
STD1031-4118
STD1031-4120
STD1031-4121
STD1031-4141
STD1031-4905
STD1031-4907
STD1031-4908
STD1031-4914
STD1031-4918
STD1050-4079
STD1205-4001
STD1205-4002
STD1209-4002
STD1209-4005
STD1268-4005
STD1268-4006
STD1268-4007
STD1268-4008
STD1302-4005
STD1304-4002
STD1304-4005
STD1308-4004
STD1309-4003
STD1319-4003
STD1322-4001
STD288-25
STD288-29
STD288-9
STD333-427-1
STD333-427-11
STD333-427-3
STD333-427-5
STD333-427-6
STD432-58
STD433-2
STD502-5
STD550-4302
STD552-10
STD553-10
STD658-4-2
STD658-5-2
STD800-13
STD842-13
STD842-16
STD844-5
STD853-3
STD893-10
STD893-3
STD893-48
STD893-52
STD900-11-1
STD900-53
STD900-66
STD901-4006
STD920-10-10
STD949-68
STD949-74
STD949-75
STD949-76
STD949-77
SX0002-10MHZ
SX0002-16MHZ
SX0018-12MHZ
SX0024-24
SX0025-10MHZ
SX0025-16MHZ
SX0025-20MHZ
SX0025-24MHZ
SX0025-36MHZ
SX0025-40MHZ
SX0025-48MHZ
SX0033-128MHZ
SX0033-24MHZ
SX0033-32MHZ
SX0033-40MHZ
TC0004-336K
TC0004-336K/0.90
TC0004-336M
TC0004-336M/0.85
TC0004-336M/0.90
TC0004-565K
TC0004-685K
TC0004-685K/0.85
TC0004-685K/0.90
TC0006-205K
TC0006-205K/A
TC0008-156K
TC0008-156K/1.10
TC0009-102J
TC0009-222F
TC0011-476K
TC0011-476K/1.30A
TC0013-681J
TC0015-470J
TC0051-826K
TC0051-826K/A
TC0060-475K
TC0060-825K
TC0131-225K
TC0148-186M
TC0148-186M/1.20
TC0168-107M
TC0168-107M/2.25
TC0172-125M
TC0173-685K
TC0191-126K
TC0192-186K
TC0194-157K
TC0194-157K/1.70
TC0195-105K
TC0226-476K
TC0226-476K/1.10
TC0287-395K
TD0001
TD0001/0.60
TD0005
TD0006
TD0006/0.90A
TD0007
TD0009
TD0009/0.60
TD0009/0.70B
TD0010
TD0013-3V6
TD0013-3V6/0.60
TD0042-1
TD0042-1/0.70B
TD0057-1
TD0057-1/B
TD0065-15V0
TD0065-15V0/0.70
TD0065-51V6
TD0065-51V6/0.70
TD0068-15V2
TD0068-15V2/0.55
TD0068-42V6
TD0068-42V6/0.55
TD0088-11V4
TD0088-11V4/0.40
TD0088-25V1
TD0088-25V1/0.40
TD0128-1
TE0002-038X
TE0003-033P
TE0003-033P/A
TI0017
TI0017/A
TI0018
TI0021-03
TI0021-03/A
TI0030
TI0032
TI0034
TI0035
TI0035/A
TI0041
TI0043-138
TI0043-244
TI0043-245
TI0050-244
TI0050-245
TI0058
TI0058/A
TI0132-1
TI0222-1
TI0279-1
TI0338-1
TI0364-1
TI0365-1
TI0365-1/A
TI0365-1/B
TI0369-1
TI0369-1/A
TI0382-15
TI0382-15/A
TI0383-15
TI0383-15/A
TI0385-1
TI0385-1/A
TI0386-1
TI0408-1
TI0457-1
TI0468-1
TI0491-1
TI0491-1/B
TI0541-1
TI0559-1
TI0559-1/A
TL0009-226K
TL0009-226K/0.50
TN0002-102G
TO0009-1
TO0009-1/A
TQ0001
TQ0001/A
TQ0006
TQ0006P
TQ0007
TQ0007/C
TQ0007/D
TQ0007/E
TQ0008
TQ0008/B
TQ0009
TQ0009/A
TQ0010
TQ0010P
TQ0011
TQ0011/B
TQ0011/C
TQ0012
TQ0012/A
TQ0014
TQ0014/A
TQ0014/B
TQ0014/D
TQ0014/E
TQ0014/J
TQ0014/L
TQ0014/M
TQ0018
TQ0018/A
TQ0018/B
TQ0063-1
TQ0063-1/F
TR0006-1K0F
TR0006-1K0F/0.50
TR0006-1R37F
TR0006-1R37F/0.50
TR0006-301RF
TR0006-301RF/0.50
TR0006-681RF
TR0006-681RF/0.50
TR0007-100RF
TR0007-100RF/0.70
TR0007-180RF
TR0007-180RF/0.70
TR0007-1K5F
TR0007-1K5F/0.70
TR0007-1R0F
TR0007-1R0F/0.70
TR0007-1R21F
TR0007-1R21F/0.70
TR0007-200RF
TR0007-200RF/0.70
TR0007-22R1F
TR0007-22R1F/0.70
TR0007-2K43F
TR0007-2K43F/0.70
TR0007-2R0F
TR0007-2R0F/0.70
TR0007-301RF
TR0007-301RF/0.70
TR0007-30R1F
TR0007-30R1F/0.70
TR0007-39R2F
TR0007-39R2F/0.70
TR0007-3R83F
TR0007-3R83F/0.70
TR0007-4R75F
TR0007-4R75F/0.70
TR0007-R267F
TR0007-R267F/0.70
TR0007-R274F
TR0007-R274F/0.70
TR0007-R332F
TR0007-R432F
TR0007-R432F/0.70
TR0007-R511F
TR0007-R909F
TR0011-0R511F
TR0011-0R511F/C
TR0127-102J
TR0127-102J/0.60A
TR0127-1R0J
TR0127-1R0J/0.60A
TS0005-1
TX0001-10MHZ
TX0001-10MHZ/B
TX0001-16MHZ
TX0001-16MHZ/D
TX0001-16MHZ/E
TX0001-16MHZ/F
TX0001-24MHZ
TX0001-24MHZ/C
TX0001-6MHZ
TX0001-6MHZ/D
TX0001-6MHZ/E
TX0001-6MHZ/F
TX0003-16MHZ
TX0003-16MHZ/B
TX0016-32MHZ
TX0016-32MHZ/B
TX0021-4MHZ
YRKIT0018
YRKIT0019
YRKIT0030
YRKIT0031
YRKIT0039
YRKIT0041
YRLRGAP01
YRLRGAP06
YRLRGFT14
YRLRGFT19
YRSMLAP03
YRSMLAP04
YRSMLAP05
GTS51-10C
GTS51-10D
GTS51-10E
GTS51-10F
GTS51-10G
GTS51-4E
GTS51-4F
GTS51-4G
GTS51-4H
GTS51-4D
77154651
77154649
77154650
77141057
77137590
77141059
77141058
77152388
77155636-05
77155636-02
77155636-04
77155636-03
77153161
77153162
77153160
77153159
77153158
1777MK3
1778MK1
1875MK5
1876MK3
23061826
2600-1
77766943
77879187
86610429
ABFCU-100
APU-100
EJP101
FMU1101
FMU702-02
FMU801-02
FPMU107
FPMU200
FPMU300
FPMU3000-01
G1020FPMU02
G3000FMU03
G3000FPU03
G3000VSVA01
G4000VSVA01
G5000HMU02
G5000VSVA03
G5030FPU01
G5030VSVA01
GD503
HBVA102
HMU1010-02
KIT10758
MEFP-100
PL3671PT9A
PLY3972
PLY3977
PLY3982
PLY4471
PLY4612
PLY4633
PLY4689
PLY4690
PLY4691
PLY4692
PLY4738
PLY4908
PLY5110
PLY5110 LOP24
PLY5110 LOP25
PLY5110 LOP29
PLY5112
PLY5210
PLY5211
PLY5233
PLY5267
PLY5349
PLY5408
PLY5442
PLY5533
PLY5564
PLY5568
PLY5641
PLY5656
PLY5662
PLY5671
PLY5710
PLY5727
PLY5816
PLY5829
PLY5845
PLY5863
PLY5895
PLY5911
PLY5960
PLY5978
PLY6055
PMAR-100
PMAS101-02
TMB101
VGA201
VIGVA102
17128-55
1970-4003
1970-4057
1970-9008
5339-685
7078A101
7083-39
7083-527
7230305
7230382
7230383
7231086
7231281
7231291
7490636
77101318
77135201
77135382
77137002
77137005
77137024
77137027
77137044
77137048
77137089
77137090
77137585
77137588
77137871
77137946
77141444
77141446
77150627
77151167
77151168
77151174
77151950
77152136
77152854
77153146
77153148
77153994
77153995
77153999
77154000
77154001
77154002
77154003
77154004
77154006
77154007
77154008
77154009
77154011
77154012
77154015
77154919
77154920
77154940
77155027
77155049
77155077
77155522
77155604
77155617
77155622
77156190
77156224
77156236
77156686
77158199
77209133
77209134
77231601
77233612
77233631
77234115
77800089
77800227
77800599
77800600
77800602
77800630
77800631
77800638
77800657
77800842
77800966
77801489
77801490
77801491
77801492
77801522
77801526
77801540
77804705
77804710
77804730
77804731
77856063
77870511
77871508
77872007
A105GP
AS21408
AS21425
AS27909
GTS237-4
GTS274-45
GTS274-53
GTS345-125
GTS345-129
GTS345-216
GTS345-217
GTS345-907
GTS35-32
GTS356-10
GTS356-14
GTS356-2
GTS356-7
GTS357-4
GTS51-8F
STD333-427-4
77157544
77156322
77156323
77879011
77878918
1876MK5
77878883
77154109
77878906
77153064
77156524
77153057
77878924
77856066
GTS345-156
77879050
86624950SP
86627175SP
86635324SP
86635326SP
86621920SP
86633881SP
86633882SP
86633884SP
86633883SP
86634844SP
86633120SP
86630426SP
86630427SP
86629821SP
86628232SP
86623510SP
86625376SP
86624761SP
86632888SP
86631943SP
86634470SP
86632186SP
86635149SP
86624426SP
86624425SP
86635199SP
86635084SP
86633933SP
86635392SP
86635052SP
86629160SP
86629167SP
86635050SP
86632700SP
86632279SP
86633809SP
86630361SP
86630300SP
86635697SP
86635932SP
86628234SP
86635451SP
86635338SP
86636148SP
86635723SP
86636020SP
86633318SP
86636125SP
86630257SP
86635920SP
86635339SP
86636854SP
86636855SP
86636850SP
86636851SP
86636852SP
86636853SP
86636874SP
86636876SP
86636445SP
86636441SP
86637023SP
86637024SP
86637017SP
86637018SP
86635592SP
86637038SP
86637037SP
77153099
77155946
77156253
77157301
77157729
77157730
77769766
77800007
77800969
77800970
77801172
77878831
86603059
86622015
86625819
86635269
86635407
GTS1328-102K
GTS1328-103K
GTS1328-222K
GTS4002-74
GTSA2280-B3302J
KIT10188
SC0001-684K
SC0003-106K
SI0010
0199-2456
0199-4067
1666-4001
1666-4003
1667-4006
1685-4033
17123-1
17123-21
17123-26
17128-104
17131-43
7230134
7231282
7310041
7310104
7310151
7310185
7490579-1
77136826
77136827
77136838
77137577
77139009
77139019
77139024
77139733
77147550
77150792
77151165
77151170
77151569
77151575
77154005
77154018
77154019
77155178
77155180
77155188
77155195
77155198
77155365
77155746
77155808
77156031
77156229
77156402
77156404
77158400
77158426
77158430
77158433
77158435
77158452
77158466
77158467
77158494
77158495
77158496
77158498
77158499
77158512
77158614
77158615
77158900
77234531
77310870
77310962
77310963
77594274-1
77594275
77871334
77872268
77873617
77873623
77878773
77878842
77878935
77879351-13
77879351-23
77879553
77879682
77879703
77879717
86600560
86600564
86600580
86600596
86600597
86603441
86603442
86603443
86603450
86603465
86605976
86605977
86605978
86605979
86605980
86605981
86605982
86605983
86605984
86605985
86610379
86611060-07
86611112-07
86611131
86611137-07
86611144-01
86611144-04
86611144-05
86633771
86636034
86636095
86636096
86636394
86636396
86636397
86636470
86636652
86636662
86636698
86636701
86636703
AS27903
AS63281
GTS168-2
GTS176-24
GTS2212-825
GTS2537-5
KIT10887
KIT10891
KIT10895
KIT10896
KIT10897
M25988/4-013
M25988/4-121
M25988/4-123
M25988/4-337
M25988/4-903
M25988/4-905
M25988/4-907
M25988/4-908
M25988/4-912
MJ0060-1
MJ0108-1
MP0077-1
SC0103-336K
SC0224-472K
SC0242-105K
SC0242-124K
SC0242-474K
SD0073-15V
SD0196-1
SD0201-1
SD0206-60V
SE0033-1
SI0574-1
SI0579-1
SI0581-1
SI0583-1
SI0595-1
SQ0178-1
SQ0212-1
SR0002-7R5G
SR0009-1022B
SR0009-393B
SR0069-181F
SR0069-1K0F
SR0095-5R1G
SR0108-332G
SR0118-683F
SR0162-151L
STD1304-4003
STD1304-4004
STD893-49
TS0001-04X
723H035
77141558
77141684
77159079
77491510
77594276
77594277
77879743
86600602
86611029-01
86611029-02
86611144-07
86611149
86631612-02
86636471
86636473
86636474
86636830
86636895
86636896
86636926
86636927
86636931
86636932
86636978
86636991
86636992
86637003
86637094
86637096
86637104
BS2874PB102-056-7L
GTS2212-825/0.90
KIT10907
KIT10913
KIT10926
KIT10931
MS27488-20-2
S15B-092-1L
SC0241-273K
SR0160-113B
77152378
77153135
77154615
STD498-5
77800263
77800604
77801487
77801488
77801495
77804709
77153482
77153483
77153484
77153243
77872665
GTS328-16
77158771
77879351-2
77879351-22
77879351-9
77879539
77158066
77159319
77159321
77136837
77137103
77137575
77137576
0199-2455
0199-2460
77136551
77136949
77136959
77137015
77137023
77137069
77137586
77137657
77800082
77800213
77800239
77800439
77801517
77801520
77804235
77804703
77871426
77871438
77879008
0199-4088
0199-4092
77153485
1970-4086
1970-4087
1970-4088
1970-4089
77141448
77143054
77137539
77155510
77155523
77879507
1970-4056
77878889
77878890
77879604
77157833
77153868
77153996
77153998
77154010
77157931
77878963
77879032
77879078
1775-9012
77154591
77879183
1776-9009
1685-4028
2601-4005
2601-4007
77154032
77154049
77154053
77154218
KIT10663
77154034
77157652
77157654
AS48407
0215-4024
2006-4004
2006-4009
STD1031-4112
STD1031-4124
STD1050-4083
STD1322-4002
STD1328-4001
STD1329-4001
STD858-4019
1667-4003
1667-4005
1667-9007
77878915
77878916
77878917
77875653
77878620
77878640
1777-4001
1776-4014
77879090
77879199
77879549
77873616
77875814
77875150
77878569
77878570
77875148
77875149
77875073
77875074
77875114
77875115
